word,stroke
有,132511
口,251
亦,413234
难,5432411121
分,3453
诉,4533124
亚,122431
笔,3143143115
上,211
写,45151
心,4544
中,2512
情,44211212511
白,32511
到,15412122
此,212135
搁,121425354251
停,32412514512
头,44134
日,2511
后,331251
成,135534
双,5454
对,54124
偕,32153532511
无,1135
相,123425111
逢,3541112454
是,251112134
石,13251
榴,12343545325121
花,1223235
开,1132
慢,44225112522154
红,551121
冷,4134454
水,2534
冲,412512
糖,4312344135112251
融,1251254312251214
只,25134
要,125221531
两,1253434
人,34
不,1324
变,41223454
总,432514544
一,1
天,1134
会,341154
就,412512341354
多,354354
冰,412534
溶,4414453434251
么,354
得,33225111124
你,3235234
彼,33253254
以,5434
友,1354
活,441312251
快,4425134
乐,35234
八,34
兄,25135
弟,4351523
同,251251
赏,243452512534
月,3511
脱,35114325135
痴,4134131134251
保,322511234
半,43112
部,4143125152
春,111342511
秋,312344334
秦,1113431234
导,515124
体,3212341
付,32124
个,342
胖,351143112
真,1225111134
假,32512115154
值,3212251111
宝,44511214
岛,3545252
姑,53112251
娘,5314511534
始,53154251
闯,425551
王,1121
失,31134
马,551
门,425
边,53454
打,12112
谈,4543344334
订,4512
男,2512153
孩,521415334
姓,53131121
位,3241431
反,3354
陪,5241431251
草,122251112
木,1234
之,454
茶,122341234
飞,534
早,251112
长,3154
期,122111343511
住,3241121
医,1311345
院,524451135
疚,41341354
乘,3122113534
备,35425121
乖,31221135
断,43123453312
念,34454544
添,44111342444
丁,12
进,1132454
可,12512
风,3534
吹,2513534
又,54
生,31121
薪,1224143112343312
和,31234251
都,1213251152
热,1213544444
土,121
竹,312312
林,12341234
下,124
寸,124
金,34112431
等,314314121124
兔,35251354
儿,35
戴,12125121122134534
顶,12132534
帽,252251125111
满,4411221253434
腹,3511312511354
苦,12212251
处,35424
申,25112
冤,4535251354
文,4134
武,11212154
合,341251
斌,413411212154
岂,252515
止,2121
百,132511
里,2511211
挑,121341534
皑,32511252515
我,3121534
没,4413554
他,32525
地,121525
也,525
小,234
条,3541234
患,25125124544
国,25112141
谢,453251113124
绝,551355215
参,54134333
观,542535
企,342121
休,321234
丢,312154
现,11212535
眼,25111511534
森,123412341234
大,134
火,4334
焚,123412344334
旭,352511
东,15234
升,3132
九,35
独,353251214
留,3545325121
却,1215452
倩,3211212511
点,212514444
准,4132411121
淮,44132411121
洋,441431112
兵,3212134
晖,2511451512
女,531
全,341121
好,531521
二,11
手,3112
拉,12141431
钢,311152534
丝,55551
绳,55125125115
走,1212134
丛,34341
蹲,2512121431253511124
坐,3434121
山,252
在,132121
道,431325111454
猜,35311212511
出,52252
便,321251134
错,3111512212511
了,52
击,11252
十,12
四,25351
时,2511124
旧,22511
饭,3553354
做,32122513134
熟,412515213544444
炊,43343534
蛾,2512143121534
扑,12124
烛,4334251214
斤,3312
斥,33124
耕,1112341132
田,25121
妻,15112531
叁,54134111
汁,44112
五,1251
六,4134
过,124454
央,25134
堆,12132411121
磊,132511325113251
家,4451353334
沪,4414513
说,454325135
叫,25152
拿,3412513112
最,251112211154
圆,2525125341
丸,354
撕,121122111343312
掉,12121251112
画,12512152
皮,53254
撇,12143252343134
弯,412234515
钩,311153554
虫,251214
肚,3511121
蜀,2522135251214
面,132522111
透,3123453454
刺,12523422
骨,255452511
寒,445112213444
图,25354441
接,12141431531
连,1512454
退,511534454
曰,2511
算,31431425111132
命,34125152
先,312135
仆,3224
太,1344
阳,522511
来,1431234
旦,25111
西,125351
亮,412514535
挂,121121121
明,25113511
徒,3321212134
们,32425
云,1154
南,122543112
旱,2511112
提,121251112134
前,431251122
发,53544
选,312135454
沙,4412343
雨,12524444
後,332554354
青,11212511
蕾,1221452444425121
胞,351135515
捉,1212512134
投,1213554
稿,312344125125251
效,4134343134
腰,3511125221531
尾,5133115
其,12211134
实,44544134
三,111
破,1325153254
框,1234111215
才,123
团,251231
吠,2511344
加,53251
固,25122511
客,445354251
再,125211
阁,425354251
横,123412212512134
雪,14524444511
字,425521
架,532511234
朝,122511123511
哥,1251212512
克,1225135
匹,1355
验,5513414431
重,312511211
叠,5454544525111
莫,1222511134
把,1215215
品,251251251
目,25111
张,5153154
纸,5513515
顺,322132534
卡,21124
串,2512512
通,5425112454
久,354
雷,1452444425121
千,312
言,4111251
万,153
语,451251251
够,35251354354
姻,531251341
缘,551551353334
线,55111534
牵,134453112
夹,143134
丈,134
夫,1134
身,3251113
京,41251234
落,122441354251
妙,5312343
讲,451132
话,45312251
吻,2513533
理,11212511211
的,32511354
见,2535
卜,24
夜,41323544
乌,3551
密,44545434252
布,13252
哗,251323512
互,1551
吕,251251
耳,122111
朵,351234
陌,52132511
外,35424
种,312342512
树,123454124
梧,12341251251
足,2512134
余,3411234
平,14312
公,3454
而,132522
忘,4154544
私,3123454
比,1535
北,21135
去,12154
昊,25111134
何,3212512
旺,25111121
果,25111234
孔,5215
子,521
登,543341251431
岳,32121252
共,122134
睹,2511112132511
者,12132511
如,531251
刀,53
必,45434
释,343123454112
卷,43113455
包,35515
抱,12135515
铁,3111531134
控,12144534121
方,4153
响,251325251
直,12251111
神,452425112
短,311341251431
左,13121
右,13251
战,212511534
正,12121
排,12121112111
复,312511354
昌,25112511
残,135411534
洗,441312135
凡,354
秃,3123435
香,312342511
光,243135
照,2511532514444
闲,4251234
禾,31234
工,121
程,312342511121
汞,1212534
尽,513444
炉,43344513
意,4143125114544
猿,3531212513534
驴,5514513
很,332511534
今,3445
年,311212
岁,252354
读,4512544134
听,2513312
碧,11213251113251
昭,251153251
君,5113251
仰,323552
首,431325111
看,311325111
斜,34112344412
吊,251252
亡,415
魂,1154325113554
望,41535111121
爱,3443451354
受,34434554
志,1214544
士,121
怀,4421324
脚,35111215452
想,1234251114544
溜,4413545325121
跑,251212135515
债,3211212534
歌,12512125123534
仙,32252
自,325111
幽,255455452
谷,3434251
迁,312454
於,41533444
乔,313432
呆,2511234
崔,25232411121
伴,3243112
推,12132411121
掠,12141251234
截,12132411121534
熊,54251135354444
古,12251
候,3225131134
胡,122513511
司,51251
原,1332511234
近,3312454
黄,12212512134
昏,35152511
酱,4123541253511
纵,5513434
稠,3123435121251
缪,55154154134333
富,445125125121
由,25121
起,1212134515
累,25121554234
领,34454132534
川,322
狗,35335251
皆,153532511
梵,12341234354
衣,413534
初,4523453
肯,21212511
少,2343
作,3231211
步,2121233
甲,25112
乙,5
丙,12534
戊,13534
己,515
庚,41351134
辛,4143112
壬,3121
癸,543341134
谐,45153532511
老,121335
舌,312251
别,2515322
贝,2534
贺,532512534
伊,325113
丽,1254254
瑛,112112225134
夕,354
费,515322534
思,251214544
箭,314314431251122
弦,51541554
引,5152
存,132521
善,431112431251
守,445124
戾,45131344
皇,325111121
帝,414345252
新,4143112343312
袭,13534413534
流,4414154325
达,134454
研,132511132
拱,121122134
猪,35312132511
入,34
阂,425415334
格,1234354251
回,252511
深,44145341234
闺,425121121
结,551121251
识,4525134
佳,32121121
零,1452444434454
歼,1354312
七,15
晶,251125112511
需,14524444132522
咬,251413434
名,354251
非,21112111
扔,12153
奶,132511
综,55144511234
市,41252
闹,42541252
碰,1325143122431
硼,1325135113511
气,3115
乞,315
贡,1212534
献,1225431121344
器,2512511344251251
贪,34452534
稍,312342432511
穷,4453453
贫,34532534
银,31115511534
泉,325112534
冉,25211
员,2512534
闪,42534
偷,32341251122
车,1512
输,1521341251122
酿,12535114511534
酒,4411253511
隔,521251254312
晒,2511125351
紫,212135554234
素,1121554234
秀,3123453
翘,153135541541
巴,5215
支,1254
援,121344311354
息,3251114544
床,4131234
旷,2511413
校,1234413434
勾,3554
星,251131121
竖,225441431
压,131214
学,44345521
伯,3232511
群,5113251431112
雁,133232411121
追,325151454
舟,335414
巡,555454
搬,1213354143554
杰,12344444
内,2534
肉,253434
弓,515
夷,151534
吃,251315
牛,3112
告,3121151
定,44512134
交,413434
奈,13411234
斗,4412
米,431234
料,4312344412
脂,3511352511
臼,321511
减,41131251534
礼,45245
拜,311311112
旨,352511
吉,121251
亩,4125121
还,1324454
养,431113432
兽,43251211251
根,1234511534
棍,123425111535
箱,314314123425111
梯,12344351523
搭,121122341251
穿,445341523
府,41332124
汕,441252
绿,55151124134
喜,121251431251
货,32352534
动,115453
物,31213533
鲜,35251211431112
鸟,35451
鸠,3535451
号,25115
辆,15211253434
轨,152135
姐,53125111
姿,413534531
各,354251
立,41431
竞,4143125135
则,253422
俄,323121534
倒,3215412122
信,324111251
鞘,1221251122432511
力,53
书,5524
仕,32121
伞,344312
元,1135
买,544134
餐,2135454344511534
豆,1251431
干,112
萌,12225113511
它,44535
暖,2511344311354
凉,4141251234
着,43111325111
勋,251253453
居,51312251
卅,1322
弃,4154132
嫌,5314315112234
谦,454315112234
具,25111134
仿,324153
间,4252511
往,33241121
柱,123441121
权,123454
仅,3254
昨,251131211
晚,25113525135
罗,25221354
乍,31211
罪,2522121112111
该,45415334
斩,15213312
记,45515
叉,544
嘴,2512121353535112
唧,2515115452
须,333132534
死,135435
安,445531
哦,2513121534
球,11211241344
赤,1213234
镇,311151225111134
当,243511
埋,1212511211
麦,1121354
城,121135534
翠,54154141343412
村,1234124
已,515
述,12344454
计,4512
奔,13412132
玉,11214
关,431134
清,44111212511
静,11212511355112
刚,253422
熄,43343251114544
联,122111431134
系,3554234
省,234325111
批,1211535
评,4514312
取,12211154
叙,341123454
普,431224312511
晋,1224312511
功,12153
绩,55111212534
差,431113121
庄,413121
稼,312344451353334
欠,3534
收,523134
秒,312342343
惹,122132514544
厌,131344
臭,3251111344
片,3215
豫,545235251353334
聚,12211154323334
憩,3122513251114544
简,3143144252511
单,43251112
挺,121312154
能,5425113535
妇,531511
传,321154
略,25121354251
转,15211154
撂,12125121354251
枝,12341254
悬,25111544544
啄,25113533434
蚀,355251214
锈,311153123453
业,22431
专,1154
与,151
负,352534
责,11212534
祝,452425135
福,4524125125121
诘,45121251
亲,414311234
房,45134153
厦,131325111354
露,145244442512121354251
夏,1325111354
属,513325125214
猴,353325131134
伸,3225112
主,41121
周,35121251
叶,25112
恰,442341251
彩,34431234333
高,4125125251
低,3235154
波,44153254
毛,3115
仔,32521
增,121432524312511
劾,41533453
逐,1353334454
末,11234
歹,1354
槽,123412512212511
骇,551415334
谜,45431234454
唬,25121531535
映,251125134
影,251141251234333
随,52132511454
行,332112
用,35112
为,4354
畸,2512113412512
待,332121124
洽,441341251
将,412354124
那,511352
侣,32251251
配,1253511515
知,31134251
旬,352511
考,121315
奢,13412132511
午,3112
浒,441453112
海,4413155414
服,35115254
装,412121413534
衷,4125123534
腾,3511431134551
谱,45431224312511
曲,251221
曼,25112522154
致,1541213134
癌,41341251251251252
食,344511534
疝,41341252
治,44154251
愈,3412511224544
痱,4134121112111
疹,4134134333
消,4412432511
灭,14334
蚊,2512144134
斐,211121114134
请,4511212511
问,425251
疗,4134152
谬,4554154134333
指,121352511
示,11234
未,11234
羚,43111334454
诣,45352511
刁,51
羽,541541
妹,53111234
句,35251
询,45352511
采,34431234
楫,1234251122111
植,123412251111
苯,12212341
造,3121251454
堡,322511234121
节,12252
样,1234431112
羊,431112
钱,3111511534
靠,312125121112111
这,4134454
临,223142521
润,4414251121
织,55125134
鹊,1221251135451
桥,1234313432
郎,45115452
规,11342535
涌,4415425112
涛,4411113124
义,434
代,32154
並,43122431
她,531525
嫣,53112121154444
征,33212121
整,1251234313412121
供,32122134
典,25122134
裘,1241344413534
争,355112
色,355215
枕,12344535
畔,2512143112
泪,44125111
湘,441123425111
慎,4421225111134
针,3111512
炙,35444334
经,55154121
络,551354251
窜,445342512512
题,251112134132534
次,413534
些,21213511
从,3434
雌,21213532411121
抽,12125121
折,1213312
桂,1234121121
阴,523511
昼,513425111
赵,121213434
龙,13534
驰,551525
找,1211534
划,153422
招,12153251
超,121213453251
仗,32134
势,12135453
霸,145244441221251123511
被,4523453254
铲,31115414313
除,523411234
掌,243452513112
污,441115
拍,12132511
挛,4122343112
第,31431451523
站,4143121251
旁,4143454153
靖,4143111212511
音,414312511
展,5131221534
沾,44121251
砦,21213513251
翩,451325122541541
宅,445315
屋,513154121
室,445154121
扎,1215
务,35453
农,453534
曾,432524312511
沧,4413455
滩,4415432411121
任,323121
制,31125222
匏,13411535515
勿,3533
易,25113533
栽,1211234534
份,323453
运,1154454
销,311152432511
咄,25152252
晴,251111212511
离,4134522554
远,1135454
孤,52133544
慧,111211125114544
父,3434
晏,2511445531
班,1121431121
迟,5134454
环,11211324
赞,3121353121352534
扬,121533
党,2434525135
躺,325111324325251
扮,1213453
阅,4254325135
欣,33123534
敦,412515213134
台,54251
彗,11121112511
侧,32253422
扁,451325122
判,4311322
燮,41112514334433454
常,24345251252
偿,32243451154
跃,25121213134
峰,2523541112
夺,134124
标,123411234
檩,12344125251111234
越,121213415534
糊,431234122513511
涂,4413411234
楚,1234123452134
遮,41312214444454
育,41542511
佣,3235112
贵,251212534
愿,13325112344544
眷,43113425111
答,314314341251
遇,251125214454
肮,35114135
脏,3511413121
圣,54121
鞋,122125112121121
啼,251414345252
鹃,251251135451
枉,12341121
倔,3251352252
碎,1325141343412
论,453435
桑,5454541234
麻,41312341234
谓,45251212511
叹,25154
译,4554112
峨,2523121534
杜,1234121
鸣,25135451
棚,123435113511
象,35251353334
籍,31431411123412212511
鸡,5435451
醋,125351112212511
园,2511351
荒,122415325
芜,1221135
怜,44234454
冬,35444
眠,2511151515
赔,253441431251
璋,112141431251112
称,3123435234
珠,1121311234
欲,34342513534
狱,353451344
异,515132
乡,553
胤,355425115
因,251341
性,44231121
充,415435
揭,121251135345
更,1251134
血,325221
鲛,35251211413434
绢,5512512511
帛,32511252
依,32413534
智,311342512511
禺,251125214
枯,123412251
霉,145244443155414
昆,25111535
浑,441451512
睡,2511131212211
尹,5113
坚,2254121
恐,1213544544
笋,3143145113
尔,35234
味,25111234
淡,44143344334
谁,4532411121
忧,4421354
愁,3123443344544
衰,4125113534
拣,12115534
凭,32312135
袅,3545413534
懂,442122312511211
董,122312511211
倚,3213412512
阑,425125431234
霎,1452444441431531
沉,4414535
灯,433412
闷,4254544
笑,3143143134
忠,25124544
瑜,1121341251122
握,121513154121
炎,43344334
鱼,35251211
邻,3445452
舍,34112251
郑,43113452
铎,3111554112
垃,12141431
圾,121354
虾,251214124
预,5452132534
舒,341122515452
缺,3112525134
尢,135
轴,152125121
躬,3251113515
爹,3434354354
伐,321534
带,122245252
军,451512
师,231252
裕,452343434251
恳,5115344544
切,1553
琅,11214511534
术,12344
河,44112512
奇,13412512
唱,25125112511
戏,541534
举,443134112
鼎,251115132125
婆,44153254531
骂,251251551
松,12343454
虎,21531535
吴,2511134
汉,44154
杀,341234
捌,1212515322
害,4451112251
认,4534
肴,34132511
桃,1234341534
楼,1234431234531
游,441415331521
枭,35451234
应,4134431
广,413
兴,443134
恶,1224314544
底,41335154
滦,4414122341234
津,441511112
栾,4122341234
插,121312321511
世,12215
刘,413422
孟,52125221
德,332122522114544
曹,12512212511
座,4133434121
讨,45124
宜,44525111
且,25111
界,251213432
薑,1221251211251211
扶,1211134
撵,121113411341512
阶,523432
鹤,453241112135451
舞,31122221354152
移,31234354354
娜,531511352
吟,2513445
赋,253411212154
虽,251251214
蛙,251214121121
朋,35113511
众,343434
空,44534121
危,351355
喊,251131251534
抛,1213553
媚,531521325111
声,1215213
婚,53135152511
野,25112115452
担,12125111
托,121315
办,5344
法,44112154
劫,1215453
怕,44232511
暗,2511414312511
兑,4325135
沽,44112251
搀,121352513544
酤,125351112251
事,12515112
特,3121121124
竟,41431251135
厉,13153
既,511541535
妩,5311135
所,33513312
叔,21123454
管,31431444525151
督,2112345425111
粮,4312344511534
悉,34312344544
昔,12212511
芩,1223445
闻,425122111
美,431121134
唤,2513525134
然,354413444444
扣,121251
户,4513
仁,3211
盘,33541425221
镜,3111541431251135
弄,1121132
池,441525
泥,44151335
利,3123422
橙,1234543341251431
兰,43111
艳,1112355215
黑,254312114444
载,1211521534
澎,441121251431333
腊,351112212511
机,123435
椽,1234551353334
匕,35
矛,54523
疑,35311345452134
景,251141251234
傍,324143454153
迷,431234454
凤,3554
巢,55525111234
数,4312345313134
肖,2432511
坟,1214134
栏,123443111
杨,1234533
柳,123435352
若,12213251
哑,251122431
瞄,2511112225121
邀,3251141533134454
昂,25113552
路,2512121354251
置,2522112251111
桐,1234251251
楞,1234252214153
荟,122341154
藏,12213513125125534
荷,1223212512
楂,1234123425111
喝,251251135345
呤,25134454
殊,1354311234
改,5153134
革,122125112
绸,55135121251
湖,441122513511
潜,441113411342511
端,41431252132522
归,23511
趁,121213434333
潮,441122511123511
怂,34344544
表,11213534
演,44144512512134
呓,2511225
赶,1212134112
衍,332441112
竿,314314112
洵,441352511
塔,121122341251
拔,12113544
胆,351125111
勤,1221251112153
奋,13425121
劳,1224553
瞧,25111324111214444
详,45431112
鬼,325113554
终,55135444
丑,5211
源,4411332511234
隐,52355114544
丞,525341
填,1211225111134
补,4523424
票,12522111234
萝,12225221354
削,243251122
朽,123415
巧,12115
扭,1215211
吐,251121
蟋,25121434312344544
蟀,25121441554413412
蚪,2512144412
坤,12125112
角,3535112
枪,12343455
并,431132
列,135422
撞,121414312511211
围,2511521
于,112
踵,2512121312511211
翻,343123425121541541
挥,121451512
遁,331225111454
嫦,53124345251252
娥,5313121534
尘,234121
腔,351144534121
赖,1251234352534
惰,442131212511
懒,4421251234352534
汨,4412511
几,35
块,1215134
向,325251
忐,2114544
本,12341
集,324111211234
散,122125113134
雄,135432411121
莎,1224412343
晓,2511153135
哀,412513534
壮,412121
兮,3415
返,3354454
版,32153354
避,5132514143112454
乱,3122515
江,441121
度,413122154
兹,431554554
觉,443452535
糟,43123412512212511
拾,121341251
漠,4411222511134
淄,44155525121
株,1234311234
厂,13
岸,25213112
夯,13453
暮,12225111342511
庭,413312154
阵,521512
垂,31212211
廖,41354154134333
愣,442252214153
颠,1225111134132534
茅,12254523
州,434242
统,551415435
洒,441125351
腮,3511251214544
段,321113554
虚,21531522431
伪,324354
蓬,1223541112454
莱,1221431234
屡,513431234531
良,4511534
艰,54511534
唯,25132411121
翼,54154125121122134
囫,2535331
盈,535425221
吓,251124
许,453112
蛇,25121444535
困,2512341
杏,1234251
束,1251234
倾,3215132534
陛,521535121
蚂,251214551
蚁,251214434
抬,12154251
捆,1212512341
萤,12245251214
闭,425123
哈,251341251
求,1241344
急,355114544
店,41321251
墙,12112431252511
继,5514312345
吨,2511525
芹,1223312
洞,441251251
趋,121213435511
鼠,3215115445445
紧,2254554234
瞪,25111543341251431
续,55112544134
齐,413432
拴,121341121
介,3432
漕,44112512212511
涸,44125122511
窗,445343253541
穹,44534515
侏,32311234
柯,123412512
视,45242535
爪,3324
孵,35435243443521
潸,441123412342511
替,113411342511
调,4535121251
形,1132333
匪,1211121115
倡,3225112511
细,55125121
忖,442124
佛,3251532
殿,5131221343554
弗,51532
怎,312114544
夸,134115
怪,44254121
芬,1223453
芳,1224153
梅,12343155414
疏,521214154325
枚,12343134
产,414313
衡,3323525121134112
桅,1234351355
帆,252354
颗,25111234132534
背,211352511
井,1132
挨,1215431134
肩,45132511
让,45211
烦,4334132534
蝉,25121443251112
亏,115
化,3235
兜,32511355135
圈,25431134551
岩,25213251
梦,12341234354
轻,152154121
炭,252134334
甥,311212512153
蚌,2512141112
绕,551153135
疴,4134112512
浪,4414511534
嚣,251251132534251251
尺,5134
吏,125134
廿,1221
换,1213525134
貌,34435333251135
仍,3253
嫂,531321511254
辍,152154545454
堂,24345251121
铺,311151251124
杆,1234112
吾,1251251
耍,132522513
晔,2511323512
曙,25112522112132511
射,3251113124
谋,45122111234
刊,11222
薯,1222522112132511
寄,44513412512
酆,11122111252125143152
犬,1344
俺,3213425115
电,25115
占,21251
丰,1112
遗,251212534454
著,12212132511
娃,531121121
漏,44151312524444
迕,3112454
扳,1213354
扫,121511
弹,51543251112
冠,451135124
睛,2511111212511
菜,12234431234
浇,441153135
潘,441343123425121
锅,311152512534
炒,43342343
苞,12235515
尖,234134
闵,4254134
授,12134434554
艺,1225
茄,12253251
坎,1213534
局,5135251
悲,211121114544
噩,1225125112512511
枫,12343534
烧,4334153135
教,12135213134
肠,3511533
棱,123412134354
伏,321344
割,445111225122
赴,121213424
汤,441533
蹈,25121213443321511
烫,4415334334
娴,5314251234
榨,12344453431211
似,325434
持,121121124
翁,3454541541
完,4451135
邪,152352
魁,3251135544412
式,112154
协,125344
药,122551354
杯,12341324
弛,515525
塾,41251521354121
烂,433443111
径,33254121
茎,12254121
乳,34435215
浮,4413443521
冒,251125111
儒,3214524444132522
薤,1221354211121111
熙,12251255154444
攘,12141251251112213534
侈,32354354
苔,12254251
梨,31234221234
楷,1234153532511
贴,253421251
凼,253452
泼,44153544
荫,122523511
榭,12343251113124
弱,5154151541
瓣,4143113335444143112
瑟,1121112145434
败,25343134
努,5315453
霁,14524444413432
烘,4334122134
顾,1355132534
倪,3232151135
泓,44151554
琴,112111213445
解,3535112533112
放,41533134
价,323432
茂,12213534
剔,2511353322
咨,413534251
送,431134454
旗,41533112211134
层,5131154
烟,4334251341
囱,3253541
泛,4413454
忌,5154544
迎,3552454
滴,44141432512251
奉,11134112
设,453554
型,113222121
恽,442451512
基,12211134121
俯,3241332124
凑,41111341134
淼,253425342534
伙,324334
敲,41251252512154
跳,2512121341534
蚤,544251214
卉,12132
胜,351131121
铯,31115355215
俭,323414431
羞,4311135211
刮,31225122
伤,323153
夭,3134
获,1223531344
委,31234531
骚,551544251214
偏,32451325122
颖,3531234132534
报,1215254
屏,513431132
崛,25251352252
爻,3434
胎,351154251
瓶,4311321554
额,445354251132534
建,51111254
季,31234521
章,41431251112
荣,122451234
辱,1311534124
姚,531341534
鳞,35251211431234354152
苗,12225121
涧,4414252511
遂,431353334454
荐,122132521
衙,3321251251112
覆,125221332312511354
哆,251354354
崽,252251214544
薄,1224411251124124
雾,1452444435453
笼,31431413534
氙,3115252
锺,31115312511211
乃,53
哉,121251534
案,4455311234
箸,31431412132511
染,441351234
病,4134112534
嫉,5314134131134
牙,1523
刷,51325222
婴,25342534531
咐,25132124
卒,41343412
黯,254312114444414312511
稀,312343413252
怒,531544544
摄,1211221115454
贯,55212534
豪,41251451353334
免,3525135
偶,32251125214
葫,122122513511
芦,1224513
筑,314314121354
腥,3511251131121
严,1224313
谟,451222511134
质,33122534
纯,5511525
硖,13251143134
汝,441531
您,32352344544
净,41355112
街,332121121112
朗,4511543511
陲,5231212211
弁,54132
滞,441122245252
尝,243451154
馍,3551222511134
浊,441251214
蜻,25121411212511
适,312251454
究,4453435
昙,25111154
蹄,2512121414345252
豳,13533342135333452
番,343123425121
煽,43344513541541
擒,121344134522554
惩,332121214544
戎,113534
罢,2522112154
塞,4451122134121
榆,1234341251122
俞,341251122
栅,123435351
扇,4513541541
徐,3323411234
袜,4523411234
迆,525454
骑,55113412512
披,12153254
刻,41533422
即,5115452
至,154121
啬,12431252511
注,44141121
训,45322
窝,445342512534
篮,3143142231425221
筏,314314321534
涯,44113121121
胰,3511151534
骐,55112211134
骥,5512113525121122134
骅,551323512
骝,5513545325121
驷,55125351
每,3155414
姝,531311234
资,4135342534
瞿,251112511132411121
砍,132513534
滉,4412511243135
场,121533
叩,25152
量,251112511211
犄,312113412512
宁,44512
宾,4453212134
妪,5311345
轩,1521112
鸿,44112135451
踏,251212125342511
诵,455425112
史,25134
耿,1221114334
羲,4311213123415534
琵,112111211535
啦,25112141431
夾,1343434
堤,121251112134
缌,551251214544
囡,255311
娲,5312512534
嗔,2511225111134
湿,441251122431
柴,2121351234
沐,4411234
氮,311543344334
丕,13241
挖,121445345
窍,4453412115
怵,44212344
姜,431121531
钻,3111521251
违,1152454
纪,551515
囚,25341
屈,51352252
擞,1214312345313134
翅,1254541541
翔,431113541541
黜,25431211444452252
邦,111352
级,551354
材,1234123
柄,123412534
睬,2511134431234
閒,511225113511
另,25153
摹,12225111343112
什,3212
啥,25134112251
乾,12251112315
妍,5311132
状,4121344
呸,25113241
虻,251214415
寻,511124
奏,111341134
刎,353322
鲁,352512112511
迅,512454
擦,12144535445411234
饿,3553121534
佬,32121335
皓,325113121251
查,123425111
殡,13544453212134
晃,2511243135
骗,551451325122
琳,112112341234
恒,442125111
亘,125111
麓,1234123441352211535
微,3322521353134
燕,1221251211354444
俩,321253434
仪,32434
船,33541435251
艘,335414321511254
泵,132512534
脑,3511413452
帅,23252
澡,4412512512511234
渣,441123425111
冯,41551
创,345522
岔,3453252
拒,1211515
操,1212512512511234
孙,521234
蠲,43134252212522135251214
陕,52143134
隆,52354131121
卦,12112124
逻,25221354454
赦,12132343134
赠,2534432524312511
款,121112343534
锄,311152511153
商,41432534251
赎,253412544134
册,35351
救,12413443134
樱,123425342534531
垫,121354121
晨,25111311534
浴,4413434251
硬,132511251134
软,15213534
犟,5152512512143112
樽,1234431253511124
瑕,1121512115154
杂,351234
嘶,251122111343312
朱,311234
盼,251113453
跛,251212153254
藉,12211123412212511
啤,25132511312
恭,1221342444
馥,312342511312511354
惊,44241251234
永,45534
跟,2512121511534
咏,25145534
温,441251125221
绵,55132511252
华,323512
桦,1234323512
爸,34345215
耶,12211152
诞,45321554
爷,343452
蛞,251214312251
芽,1221523
恕,5312514544
狮,353231252
亨,4125152
甘,12211
孺,52114524444132522
件,323112
悟,4421251251
宴,4452511531
飘,125221112343534
寓,445251125214
泰,1113424134
灸,3544334
习,541
奥,325431234134
套,1341211154
盛,13553425221
派,441333534
冗,4535
炬,43341515
瞒,251111221253434
误,452511134
谛,45414345252
婢,53132511312
趾,25121212121
炮,433435515
触,3535112251214
摩,413123412343112
笳,31431453251
妒,5314513
锯,3111551312251
寺,121124
庙,41325121
辉,243135451512
播,121343123425121
及,354
韦,1152
孝,1213521
茫,122441415
韶,41431251153251
揖,121251122111
摆,1212522112154
桌,2125111234
丘,32121
令,34454
苍,1223455
施,415331525
妞,5315211
页,132534
顽,1135132534
拆,12133124
启,4513251
侍,32121124
蛤,251214341251
悠,32231344544
嘉,12125143153251
钓,31115354
沌,4411525
寿,1113124
螅,2512143251114544
斧,34343312
篱,3143144134522554
樊,123434341234134
降,52354152
鼓,1212514311254
壁,5132514143112121
垣,121125111
圭,121121
舰,3354142535
筝,314314355112
撑,121243452513112
壕,12141251451353334
废,41353544
艮,511534
执,121354
繁,31554143134554234
锦,3111532511252
翕,341251541541
亥,415334
窟,4453451352252
逝,1213312454
诗,45121124
恃,442121124
扉,451321112111
佯,32431112
辰,1311534
像,3235251353334
懈,4423535112533112
突,445341344
抨,12114312
峡,252143134
傻,3232534134354
给,551341251
滚,4414134543534
缭,551134432511234
瞇,25111431234454
爽,13434343434
俱,3225111134
娱,5312511134
尚,24325251
稚,3123432411121
默,2543121144441344
裹,41251112343534
畜,4155425121
耙,1112345215
斋,4134132522
裂,135422413534
崩,25235113511
乒,321213
赫,12132341213234
萍,12244114312
兀,135
咸,131251534
借,3212212511
欢,543534
筋,314314351153
技,1211254
葬,122135435132
摘,12141432512251
戽,45134412
甜,31225112211
辣,41431131251234
辞,3122514143112
仑,3435
诡,45351355
哭,2512511344
泳,44145534
助,2511153
杳,12342511
踪,251212144511234
迹,413234454
灵,5114334
盖,43112125221
瓜,33544
蒂,122414345252
棵,123425111234
磨,4131234123413251
泻,44145151
肤,35111134
粗,43123425111
组,55125111
柏,123432511
逃,341534454
唐,4135112251
鸭,2511235451
役,3323554
测,441253422
掰,311334533112
臣,125125
棺,123444525151
劈,513251414311253
伍,321251
篇,314314451325122
颜,414313333132534
显,251122431
恨,442511534
跌,251212131134
码,13251551
脸,35113414431
签,3143143414431
踩,251212134431234
驼,55144535
油,44125121
混,44125111535
醒,1253511251131121
煮,121325114444
灌,44112225125132411121
蚕,1134251214
尧,153135
驻,55141121
决,415134
妈,531551
嘻,251121251431251
艾,12234
瓦,1554
贾,1252212534
晦,25113155414
婵,53143251112
祟,5225211234
驭,55154
诚,45135534
涝,4411224553
汗,441112
聋,13534122111
硕,13251132534
夥,25111234354354
缸,311252121
积,3123425134
措,12112212511
翌,54154141431
矮,3113431234531
塘,1214135112251
钦,311153534
庆,413134
坦,12125111
垢,121331251
砂,132512343
湾,441412234515
沟,4413554
享,41251521
燥,43342512512511234
剂,41343222
童,414312511211
旖,41533113412512
捂,1211251251
剩,312211353422
阎,42535321511
瑰,1121325113554
钟,311152512
拳,4311343112
摇,1213443311252
啃,25121212511
胄,251212511
躲,3251113351234
柔,545231234
肢,35111254
葱,122353344544
溃,441251212534
巾,252
棉,123432511252
坏,1211324
坯,12113241
儫,3241251451353334
沏,4411553
鹅,312153435451
李,1234521
悸,44231234521
览,223142535
哨,2512432511
悄,4422432511
咕,25112251
挪,121511352
感,1312515344544
蹦,251212125235113511
兆,341534
均,1213541
磁,13251431554554
渠,44115151234
柜,12341515
惟,44232411121
憔,442324111214444
渴,441251135345
谊,4544525111
甡,3112131121
民,51515
瑭,11214135112251
蒜,1221123411234
珍,112134333
笨,31431412341
汛,441512
但,3225111
妖,5313134
阉,42513425115
疆,5151211251211251211
倍,3241431251
卵,3543524
買,252212511134
钰,3111511214
岬,25225112
膀,35114143454153
皿,25221
尊,431253511124
宋,4451234
爬,33245215
龟,3515115
嫁,5314451353334
抵,12135154
约,551354
粒,43123441431
嗑,2511215425221
磕,132511215425221
忽,35334544
蓄,1224155425121
亢,4135
封,121121124
葑,122121121124
浅,44111534
溅,441253411534
课,4525111234
椅,123413412512
俅,321241344
犯,35355
冼,41312135
英,12225134
阿,5212512
妾,41431531
滑,441255452511
汽,4413115
饮,3553534
俊,325434354
酸,12535115434354
垮,121134115
昧,251111234
咔,25121124
岐,2521254
焉,12121154444
吱,2511254
敌,3122513134
玩,11211135
盒,34125125221
逮,51124134454
隶,51124134
歃,3123215113534
丹,3541
淘,44135311252
鸵,3545144535
啁,25135121251
劲,5412153
恩,2513414544
咽,251251341
犹,3531354
允,5435
粉,4312343453
眉,521325111
帼,25225112141
袍,4523435515
渔,44135251211
亭,412514512
町,2512112
狼,3534511534
阆,4254511534
邹,3551152
容,4453434251
聪,122111432514544
珂,112112512
毁,3215111213554
岗,2522534
岖,2521345
觅,34432535
绥,5513443531
轧,15215
模,12341222511134
仨,32111
锁,311152432534
眭,25111121121
徉,332431112
醉,125351141343412
恣,4135344544
禽,344134522554
洄,441252511
梁,44153441234
梗,12341251134
港,441122134515
巷,122134515
橡,123435251353334
霜,14524444123425111
侠,32143134
区,1345
辨,4143113434143112
毕,153512
颇,53254132534
苏,1225344
仇,3235
忙,442415
嗽,25112512343534
激,4413251141533134
呱,25133544
斯,122111343312
噬,2513143141234341
抢,1213455
臀,51312213435542511
屠,51312132511
妥,3443531
沿,44135251
舅,3215112512153
扰,1211354
掩,12113425115
祈,45243312
敢,51221113134
荀,122352511
骄,551313432
态,13444544
芮,1222534
佧,3221124
修,322354333
攸,3223134
棒,123411134112
途,3411234454
呜,2513551
劣,234353
肥,35115215
廋,413321511254
疤,413415215
娑,4412343531
币,3252
嘲,251122511123511
莓,1223155414
婿,531521342511
胥,521342511
例,32135422
辽,52454
裔,4135342534251
棕,123444511234
玄,41554
滋,441431554554
柚,123425121
巩,121354
哽,2511251134
使,32125134
般,3354143554
廉,4134315112234
镰,311154134315112234
损,1212512534
健,3251111254
康,41351124134
惨,44254134333
杉,1234333
琼,112141251234
炸,433431211
烈,1354224444
裳,24345251413534
遵,431253511124454
摊,1215432411121
搞,1214125125251
紤,5544443312
网,253434
绉,55135511
佃,3225121
坠,5234121
确,132513535112
掀,12133123534
盆,345325221
雉,3113432411121
晕,2511451512
眩,2511141554
抗,1214135
颍,352534132534
强,515251251214
毗,251211535
恚,1211214544
玑,112135
屑,5132432511
靓,112125112535
俏,322432511
吧,2515215
攻,1213134
拼,121431132
附,5232124
恼,442413452
倥,3244534121
卖,12544134
震,145244441311534
轰,15125454
恋,4122344544
奕,413234132
黠,254312114444121251
凋,4135121251
渺,441251112343
氛,31153453
蔷,12212431252511
渭,441251212511
漓,4414134522554
璃,11214134522554
肛,3511121
喳,251123425111
囍,121251431251121251431251
捅,1215425112
羔,4311214444
陸,5212134121
肋,351153
饥,35535
肌,351135
爆,4334251112213424134
暴,251112213424134
筒,314314251251
歪,132412121
咱,251325111
弋,154
羡,431121413534
慕,12225111342444
攀,1234343412341343112
粕,43123432511
裙,452345113251
炼,433415534
帚,51145252
捺,12113411234
捡,1213414431
速,1251234454
鲤,352512112511211
境,12141431251135
警,1223525131344111251
敬,122352513134
戒,1132534
卸,311212152
御,332311212152
咫,513425134
职,12211125134
隙,522342511234
坡,12153254
菲,12221112111
竺,31431411
骡,55125121554234
仓,3455
褒,413225112343534
卑,32511312
衫,45234333
眨,251113454
益,4313425221
眯,25111431234
刃,534
勺,354
丫,432
勇,542511253
恿,54251124544
奸,531112
魏,31234531325113554
忆,4425
媳,5313251114544
怏,44225134
廊,41345115452
隋,52131212511
炀,4334533
澳,441325431234134
芸,1221154
宫,445251251
防,524153
蓝,1222231425221
蕴,122551251125221
孜,5213134
闸,42525112
匣,1251125
卧,12512524
蛛,251214311234
偌,3212213251
抹,12111234
泊,44132511
嫩,53112512343134
粥,515431234515
窖,445343121251
莘,1224143112
門,51122511
遭,12512212511454
笃,314314551
摸,1211222511134
喋,251122151234
蔑,12225221134534
扛,121121
蒙,1224511353334
宵,4452432511
宏,4451354
剑,341443122
戚,13211234534
悔,4423155414
宠,44513534
穴,44534
殖,135412251111
匡,111215
携,1213241112153
啪,25112132511
茁,12252252
冈,2534
怦,44214312
惫,354251214544
撒,121122125113134
懿,1214512514314135344544
聂,1221115454
鲨,441234335251211
栎,123435234
吵,2512343
印,35152
肿,35112512
逾,341251122454
缩,55144532132511
皂,3251115
枣,12523444
窃,445341553
轶,152131134
慨,442511541535
荧,122454334
矗,122511111225111112251111
蝴,251214122513511
蝶,251214122151234
蠢,111342511251214251214
甩,35115
搜,121321511254
索,1245554234
宦,445125125
虹,251214121
宙,44525121
拐,12125153
沁,4414544
惜,44212212511
博,121251124124
闽,425251214
寨,44511221341234
棋,123412211134
营,12245251251
來,13434234
析,12343312
唾,25131212211
捶,12131212211
凶,3452
剪,43125112253
絮,531251554234
茹,122531251
财,2534123
瓢,1252211123433544
実,44511134
股,35113554
纱,5512343
歧,21211254
膜,35111222511134
仲,322512
裸,4523425111234
舜,344345354152
逼,125125121454
淳,44141251521
朴,123424
飨,553344511534
希,3413252
笛,31431425121
坑,1214135
劝,5453
阻,5225111
耻,1221112121
聊,12211135352
耽,1221114535
呈,2511121
冀,2113525121122134
墨,254312114444121
跨,2512121134115
幼,55453
匠,133125
悯,4424254134
龋,21213452325125214
齿,21213452
滥,4412231425221
讼,453454
烤,4334121315
咖,25153251
较,1521413434
溪,4413443554134
渊,44134312342
氧,3115431112
屯,1525
拥,12135112
护,1214513
邮,2512152
堵,12112132511
幸,12143112
访,454153
纽,5515211
欺,122111343534
侮,323155414
谨,4512212511121
掘,12151352252
臂,51325141431122511
钉,3111512
捐,1212512511
吸,251354
潭,441125221251112
叮,25112
咛,25144512
按,121445531
否,1324251
媒,531122111234
萧,12251123234
霄,145244442432511
蹋,25121212511541541
箩,31431425221354
缈,551251112343
呢,25151335
逆,431523454
旅,4153313534
辈,211121111512
构,12343554
障,5241431251112
禁,1234123411234
抓,1213324
杭,12344135
窈,4453455453
挝,121124454
怙,44212251
柬,125431234
洛,441354251
汲,441354
藻,1224412512512511234
撮,121251112211154
梢,12342432511
嗜,2511213352511
雀,23432411121
阕,425543341134
母,55414
毋,5531
试,45112154
脊,4134342511
韭,211121111
喧,251445125111
躁,25121212512512511234
椰,123412211152
岱,32154252
黛,32154254312114444
寇,44511352154
剧,5131225122
官,44525151
硂,13251341121
亿,325
匙,25111213435
寂,44521123454
酉,1253511
莲,1221512454
液,44141323544
赌,253412132511
毙,1535135435
择,12154112
诸,4512132511
葡,122351251124
萄,12235311252
盯,2511112
监,2231425221
膏,41251452512511
培,12141431251
绒,551113534
漂,44112522111234
诱,453123453
蜂,2512143541112
迈,153454
伦,323435
坛,1211154
宓,44545434
嬉,531121251431251
社,4524121
溺,4415154151541
札,12345
席,4131221252
撤,121415425113134
凝,4135322345452134
础,1325152252
汪,4411121
厚,132511521
孬,1324531521
仄,1334
俑,325425112
徊,332252511
倘,3224325251
狩,353445124
冥,4525114134
蕊,122454445444544
伟,321152
呵,25112512
奴,53154
瘦,41341321511254
浓,441453534
妆,412531
予,5452
宣,445125111
轮,15213435
桓,1234125111
幻,5545
练,55115534
赃,2534413121
队,5234
汰,4411344
俸,3211134112
钞,311152343
豹,3443533354
荆,122113222
汴,4414124
牯,312112251
卿,3535115452
拟,1215434
贼,2534113534
贱,253411534
悼,44221251112
雯,145244444134
寅,44512512134
碑,1325132511312
狡,353413434
彤,3541333
证,4512121
诈,4531211
涓,4412512511
忡,4422512
壶,1214522431
或,12511534
顿,1525132534
拽,121251153
灾,4454334
纠,55152
獒,111215331341344
威,131531534
剖,4143125122
莽,1221344132
估,3212251
购,25343554
炽,433425134
睁,25111355112
馒,35525112522154
脆,3511351355
嗫,2511221115454
幕,1222511134252
蔽,12243252343134
稳,31234355114544
涔,4412523445
婶,53144525112
杠,1234121
笙,31431431121
箫,31431451123234
狲,353521234
佩,32351252
慷,44241351124134
囊,1251245251251112213524
盐,1212425221
宿,44532132511
祸,45242512534
衲,452342534
浦,4411251124
傅,321251124124
胶,3511413434
漆,44112343424134
膝,351112343424134
黎,312343533424134
盲,41525111
擂,1211452444425121
恬,442312251
故,122513134
绔,551134115
宽,4451222535
阔,425441312251
奖,412354134
腿,3511511534454
促,322512134
鄂,25125111552
赣,414312511123541212534
揩,121153532511
阀,425321534
戈,1534
泄,44112215
哔,251153512
誊,4311344111251
娇,531313432
岚,2523534
俪,321254254
庵,41313425115
厢,13123425111
绡,5512432511
锱,3111555525121
眵,25111354354
喷,251121222534
驱,5511345
吗,251551
佼,32413434
宰,4454143112
彪,21531535333
淑,44121123454
惑,125115344544
暇,2511512115154
浔,441511124
钿,3111525121
淹,44113425115
副,12512512122
帘,44534252
郝,121323452
聘,1221112512115
煜,4334251141431
泣,44141431
釜,3434112431
召,53251
卞,4124
赳,121213452
科,312344412
瑾,112112212511121
族,41533131134
饰,35531252
溢,4414313425221
锣,3111525221354
脖,35111245521
抒,1215452
脾,351132511312
狄,3534334
戌,131534
剥,5112413422
珊,112135351
琢,112113533434
纲,5512534
厅,1312
赊,25343411234
臻,1541211113431234
痒,41341431112
竭,41431251135345
泽,44154112
僵,321251211251211
趣,121213412211154
洪,441122134
轵,152125134
帮,111352252
衬,45234124
拙,12152252
扯,1212121
讽,453534
缀,55154545454
涉,4412121233
茵,122251341
兼,4315112234
辟,5132514143112
描,12112225121
誉,4431344111251
卯,35352
租,3123425111
噪,2512512512511234
赛,44511221342534
胭,3511251341
纳,5512534
祖,452425111
绑,551111352
咳,251415334
誓,12133124111251
侯,325131134
拨,12153544
庶,41312214444
乏,3454
玛,1121551
瑙,1121555325341
际,5211234
掐,12135321511
巅,2521225111134132534
窒,44534154121
孕,53521
摞,12125121554234
貂,344353353251
陶,5235311252
醄,125351135311252
沒,4415354
崭,25215213312
昝,354242511
艋,33541452125221
抄,1212343
踢,251212125113533
渐,44115213312
范,12244155
承,52111534
砖,132511154
衿,452343445
跻,2512121413432
辩,4143113454143112
频,2121233132534
嗟,251431113121
捕,1211251124
栋,123415234
遍,451325122454
翰,1225111234541541
鳃,35251211251214544
簸,3143141221113453254
焦,324111214444
沦,4413435
蟾,2512143513344111251
燃,4334354413444444
钥,311153511
拈,12121251
哪,251511352
锉,311153434121
优,321354
掺,12154134333
渡,441413122154
塑,4315233511121
朔,4315233511
捍,1212511112
佐,3213121
恻,442253422
坝,1212534
汇,44115
忤,4423112
怨,354554544
宛,44535455
县,2511154
辜,122514143112
撰,121515515122134
耗,1112343115
罚,252214522
笈,314314354
榇,1234414311234
耷,134122111
氢,311554121
潇,44112251123234
胃,251212511
帐,2523154
缓,551344311354
虮,25121435
栖,1234125351
拂,12151532
顷,15132534
编,551451325122
桧,1234341154
掬,12135431234
菊,12235431234
佻,32341534
矽,13251354
酵,12535111213521
疲,4134153254
倦,3243113455
氦,3115415334
膊,35111251124124
觥,3535112243135
愚,2511252144544
隧,52431353334454
巽,515515122134
鱿,352512111354
售,32411121251
尤,1354
讳,451152
愧,442325113554
魄,32511325113554
咋,25131211
袈,53251413534
漾,44143112145534
拧,12144512
畛,2512134333
笆,3143145215
桩,1234413121
蜗,2512142512534
堪,121122111345
渥,441513154121
戬,12243125111534
毒,112155414
帖,25221251
稽,312341354352511
轲,152112512
魔,41312341234325113554
椎,123432411121
侵,325114554
葛,122251135345
觑,215315224312535
倭,3231234531
仃,3212
悦,4424325135
沫,44111234
莹,1224511214
瀑,441251112213424134
粤,325431234115
挟,121143134
秧,3123425134
慌,442122415325
唁,2514111251
琨,112125111535
喑,251414312511
逑,1241344454
汀,44112
褂,4523412112124
奎,134121121
肃,51123234
催,3225232411121
吝,4134251
颂,3454132534
抚,1211135
届,51325121
甭,132435112
讯,45512
忍,5344544
韧,1152534
跷,2512121153135
苛,12212512
烊,4334431112
据,12151312251
鄙,2511225251152
鸳,3545535451
鸯,2513435451
鸽,34125135451
察,44535445411234
郊,41343452
凄,4115112531
驾,53251551
砾,1325135234
惯,44255212534
绘,551341154
饱,35535515
靳,1221251123312
狂,3531121
哇,251121121
凳,54334125143135
滇,4411225111134
僧,32432524312511
慑,4421221115454
沈,4414535
冻,4115234
豉,12514311254
洁,441121251
羌,4311135
姥,531121335
镯,311152522135251214
谣,453443311252
狠,353511534
睦,2511112134121
录,51124134
剃,435152322
馈,355251212534
陇,5213534
郡,511325152
俗,323434251
吞,1134251
沅,4411135
缄,551131251534
玺,3523411214
伶,3234454
勁,155512153
淀,44144512134
侃,32251325
甚,122111345
谅,4541251234
茧,122251214
砚,132512535
匝,12525
苑,12235455
湃,441311311112
覃,125221251112
硫,132514154325
豁,44511122513434251
鲫,352512115115452
滤,4412153154544
虑,2153154544
昉,25114153
啐,25141343412
髯,121115433325211
诩,45541541
帜,25225134
壤,12141251251112213534
襄,41251251112213534
咩,251431112
粪,431234122134
忿,34534544
删,3535122
绍,55153251
畏,251211534
橹,1234352512112511
呼,25134312
靶,1221251125215
沮,44125111
骏,5515434354
岷,25251515
哄,251122134
灿,4334252
谎,45122415325
诊,4534333
侬,32453534
妃,531515
芋,122112
湛,441122111345
捏,1212511121
豺,3443533123
筹,3143141113124
浙,4411213312
恫,442251251
挡,121243511
卫,521
驶,55125134
殚,135443251112
栩,1234541541
唢,2512432534
遥,3443311252454
岭,25234454
烽,43343541112
伉,324135
隽,3241112153
锚,3111512225121
翡,21112111541541
胳,3511354251
蔼,12245251135345
悻,44212143221
敏,31554143134
蘑,1224131234123413251
趟,121213424325251
裤,452344131512
库,4131512
蜡,25121412212511
杖,1234134
捎,1212432511
诏,4553251
蜿,25121444535455
蜒,251214321554
吩,2513453
愉,442341251122
嗣,2512512251251
绌,55152252
煎,4312511224444
词,4551251
议,45434
淋,44112341234
陆,5211252
扒,12134
棠,243452511234
矣,5431134
刽,34115422
疾,4134131134
检,12343414431
颐,1225125132534
蚜,2512141523
鳖,4325234313435251211
敝,43252343134
昵,251151335
咆,25135515
澜,441425125431234
耐,132522124
迫,32511454
铂,3111532511
纷,5513453
含,3445251
铡,31115253422
罩,2522121251112
嘹,251134432511234
卓,21251112
巫,1234341
秉,31511234
浍,441341154
窘,445345113251
桶,12345425112
垦,511534121
釆,3431234
贷,321542534
吼,2515215
丧,12431534
穗,31234125112144544
惠,125112144544
吋,251124
括,121312251
辅,15211251124
拘,12135251
押,12125112
维,55132411121
缝,5513541112454
畅,25112533
夙,351354
栓,1234341121
惚,44235334544
渗,44154134333
铸,311151113124
垡,321534121
牧,31213134
掷,12143113452
哟,251551354
递,4351523454
驮,551134
瓷,4135341554
剜,4453545522
霍,1452444432411121
矶,1325135
蒋,122412354124
锋,311153541112
漫,44125112522154
螃,2512144143454153
陝,521343434
痕,41341511534
畦,25121121121
挠,121153135
徭,3323443311252
歇,2511353453534
谒,45251135345
蝇,25121425125115
刨,3551522
饼,355431132
甬,5425112
历,1353
闩,4251
彻,3321553
俘,323443521
糜,41312341234431234
猛,35352125221
佗,3244535
疽,4134125111
蝈,25121425112141
罐,31125212225125132411121
拢,12113534
禀,4125251111234
俎,343425111
揍,121111341134
秩,3123431134
胀,35113154
殃,135425134
佚,3231134
噎,251121451251431
袋,32154413534
椿,1234111342511
冑,251212511
聿,511112
诀,455134
拌,12143112
板,12343354
探,12145341234
狎,35325112
偎,32251211534
喂,251251211534
蓉,1224453434251
掏,12135311252
瓤,4125125111221353433544
橫,1234122112512134
栈,123411534
唉,2515431134
碍,1325125111124
斑,112141341121
搏,1211251124124
酊,125351112
垛,121351234
讹,453235
贞,212534
妨,5314153
沸,44151532
涟,4411512454
贩,25343354
吆,251554
耀,24313554154132411121
汾,4413453
愤,442121222534
腐,41332124253434
牟,543112
瞎,251114451112251
政,121213134
纥,551315
歉,43151122343534
宗,44511234
皱,3551153254
匀,3541
皖,325114451135
颊,143134132534
猎,35312212511
嗡,2513454541541
梳,12344154325
暑,251112132511
柿,123441252
键,3111551111254
荡,122441533
鹧,4131221444435451
鸪,1225135451
蛩,121354251214
址,1212121
陵,5212134354
皈,325113354
浛,4413445251
谭,45125221251112
亟,52251541
蜃,1311534251214
阢,52135
筛,314314231252
篑,314314251212534
镳,31115413522115354444
翥,12132511541541
峦,412234252
韵,4143125113541
序,4135452
秆,31234112
盾,331225111
盟,2511351125221
幅,252125125121
罕,4534112
滕,351143113424134
谕,45341251122
诛,45311234
淌,44124325251
某,122111234
氟,311551532
棹,123421251112
绦,5513541234
挤,121413432
侨,32313432
楣,1234521325111
旋,41533152134
荑,122151534
壳,1214535
垤,121154121
诎,4552252
滔,4413443321511
痘,413411251431
凸,21251
娟,5312512511
眹,25111431134
垭,121122431
赻,12121342343
瞅,25111312344334
距,25121211515
娬,53111212154
险,523414431
朩,1234
圄,2512512511
捞,1211224553
贿,2534132511
诳,453531121
晿,251125112511
刈,3422
鼩,321511544544535251
轿,1521313432
婪,12341234531
昫,251135251
玲,112134454
诲,453155414
疟,413411
怡,44254251
鲸,3525121141251234
肝,3511112
仝,34121
琚,112151312251
椒,123421123454
衩,45234544
钗,31115544
绮,55113412512
陈,5215234
荔,122535353
逡,5434354454
玓,1121354
凬,3512511
恍,442243135
辇,113411341512
檄,12343251141533134
漪,44135313412512
挞,121134454
窥,4453411342535
沣,4411112
碗,1325144535455
碟,13251122151234
盗,41353425221
抠,1211345
锗,3111512132511
犁,31234223112
辗,15215131221534
恁,3231214544
绪,55112132511
囵,2534351
肒,3511354
籁,3143141251234352534
畗,4125125121
筷,3143144425134
胇,351151532
蚱,25121431211
涩,4415342121
玫,11213134
皋,3251113412
趇,121213441431
紊,4134554234
纹,5514134
鲂,352512114153
祥,4524431112
蛔,251214252511
精,43123411212511
浆,4123542534
腌,351113425115
类,431234134
祚,452431211
蜜,44545434251214
泌,44145434
勉,352513553
霞,14524444512115154
霖,1452444412341234
奄,13425115
疼,4134135444
拄,12141121
痊,41341341121
辐,1521125125121
振,1211311534
榜,12344143454153
泱,44125134
策,314314125234
郁,13251152
跎,251212144535
逗,1251431454
嵩,2524125125251
旻,25114134
樵,1234324111214444
茓,12244534
篙,3143144125125251
伒,323312
梭,12345434354
菠,12244153254
簧,31431412212512134
氯,311551124134
怯,44212154
厘,132511211
讦,45112
鹿,41352211535
皫,32511413522115354444
巨,1515
苣,1221515
炅,25114334
迢,53251454
佑,3213251
稻,312343443321511
缚,5511251124124
赚,25344315112234
盏,1153425221
㕣,34251
鑫,341124313411243134112431
盔,13433425221
莺,1224535451
泡,44135515
砌,132511553
庐,4134513
桝,1234354152
墟,12121531522431
忮,4421254
灰,134334
韩,122511121152
凹,25251
洼,441121121
况,4125135
娄,431234531
缎,551321113554
缕,551431234531
爿,5213
泗,44125351
鹂,125425435451
菌,12225312341
疯,413413534
菼,12243344334
镶,3111541251251112213534
茗,122354251
珅,112125112
驿,55154112
瞥,4325234313425111
枢,12341345
羿,541541132
畀,25121132
螳,25121424345251121
螂,25121445115452
灶,4334121
衔,33231115112
彧,1251153334
骤,55112211154323334
缆,551223142535
棼,123412343453
秘,3123445434
扦,121312
憾,4421312515344544
姊,5313523
酣,125351112211
瓠,13411533544
啮,25121213452
甮,353335112
欧,13453534
洲,441434242
鹭,251212135425135451
凰,35325111121
榻,12342511541541
苿,12211234
峁,25235352
纺,5514153
糗,4312343251111344
驯,551322
潕,441311222214444
牮,321543112
限,52511534
邓,5452
钎,31115312
尿,5132534
胸,3511353452
髓,255452511131212511454
矩,311341515
尸,513
屎,513431234
憨,512211131344544
莅,1223241431
斛,35351124412
燎,4334134432511234
琪,112112211134
浜,4413212134
魅,32511355411234
怷,123544544
掱,311231123112
枷,123453251
棘,125234125234
瞐,251112511125111
詊,411125143112
卢,21513
鹦,2534253453135451
鹉,1121215435451
蛋,52134251214
尼,51335
寡,44513251113453
酚,12535113453
籽,431234521
螺,25121425121554234
擎,1223525131343112
鸬,2151335451
挽,1213525135
恢,442134334
陷,5235321511
肪,35114153
铧,31115323512
鸥,134535451
苟,12235251
账,25343154
璐,11212512121354251
钍,31115121
衅,32522143112
袄,452343134
糯,43123414524444132522
嫖,53112522111234
弘,51554
鳅,35251211312344334
晤,25111251251
昶,455342511
玡,11211523
犇,311231213112
槛,12342231425221
逛,3531121454
囧,2534251
鼻,32511125121132
讣,4524
芨,122354
咯,251354251
蚯,25121432121
藩,122441343123425121
窑,44534311252
烨,4334323512
夂,354
弥,51535234
薇,1223322521353134
唠,2511224553
裁,121413534534
芯,1224544
粀,431234134
徘,33221112111
扏,12135
袱,45234321344
炝,43343455
圉,25121431121
扅,4513354354
耆,1213352511
瘁,4134141343412
聶,122111122111122111
妄,415531
熹,1212514312514444
秽,31234252354
囼,25532511
晗,25113445251
薛,1223251514143112
孽,1223251514143112521
荤,122451512
淅,44112343312
墓,1222511134121
脉,351145534
奻,531531
儡,32251212512125121
褚,4523412132511
域,12112511534
雕,3512125132411121
昇,25113132
徜,33224325251
沛,4411252
佟,3235444
沂,4413312
祭,35445411234
祀,4524515
囩,2511541
匾,14513251225
刌,12422
姗,53135351
沱,44144535
苒,12225211
龆,2121345253251
姣,531413434
牡,3121121
酬,1253511434242
葆,122322511234
団,251241
骸,255452511415335
脵,35112511134
朊,35111135
嘿,251254312114444
拓,12113251
柘,123413251
鹏,3511351135451
邗,11252
痰,4134143344334
盂,11225221
鉴,2231434112431
沗,113424134
娶,12211154531
琬,112144535455
谧,454543425221
浕,441513444
甄,1252211211554
蒸,1225253414444
杢,1234121
嘀,25141432512251
笌,3143141523
秚,3123443112
脲,35115132534
闰,4251121
勽,3534
眛,2511111234
舱,3354143455
讫,45315
脀,5253412511
符,31431432124
茢,122135422
沃,4413134
丐,1215
钙,311151215
獐,35341431251112
洱,441122111
靥,131344132522111
铝,31115251251
捱,12113121121
茑,12235451
蚵,25121412512
饴,35554251
玻,112153254
钬,311154334
偓,32513154121
芫,1221135
馨,12152133554312342511
麾,413123412343115
亵,411213543534
卆,3512
浏,441413422
垒,545454121
車,1251112
绅,55125112
舸,33541412512
袤,41545233534
眚,3112125111
霓,1452444432151135
冢,4513533434
揪,121312344334
涢,4412512534
阜,32515112
蓟,1223525121122
垚,121121121
厕,13253422
趴,251212134
跕,251212121251
巍,25231234531325113554
氏,3515
娠,5311311534
閤,51122511341251
圪,121315
萦,12245554234
炜,43341152
邑,2515215
冐,25112511
娆,531153135
钊,3111522
逊,521234454
韮,122211121111
矿,13251413
嗅,2513251111344
辖,15214451112251
鲈,3525121121513
渑,44125125115
拗,12155453
炰,355154444
汊,441544
肘,3511124
啊,2515212512
粽,43123444511234
坔,2534121
璟,1121251141251234
档,1234243511
菇,12253112251
岆,2523134
邵,5325152
姨,531151534
郴,1234123452
棣,123451124134
苂,1224334
唔,2511251251
茴,122252511
湄,441521325111
柩,123413545
爧,4334145244442512512511234341
酗,12535113452
茒,12235452
踮,251212141321251
囲,2511321
舔,31225111342444
槐,1234325113554
夵,134234
苹,12214312
肰,35111344
戟,122511121534
茀,12251532
噙,251344134522554
嘈,25112512212511
呕,2511345
烋,3212344444
鲳,3525121125112511
煲,3225112344334
迥,25251454
诺,4512213251
缠,5514132511211
扈,45132515215
嵘,252122451234
杈,1234544
嗯,
稔,3123434454544
箔,31431444132511
芕,122354
忝,11342444
澧,4412512211251431
畨,43123425121
牢,4453112
娔,5311225135
竡,41431132511
刖,351122
笞,31431454251
槑,25112342511234
槎,1234431113121
枇,12341535
贸,354532534
燊,4334433443341234
筞,3143144451234
醐,1253511122513511
佘,3411234
氽,342534
皛,325113251132511
孚,3443521
挼,1213443531
誩,41112514111251
尒,34234
艇,335414312154
蜓,251214312154
驹,55135251
妮,53151335
屉,51312215
妯,53125121
叨,25153
蹊,25121213443554134
骛,545233134551
摈,1214453212134
嫔,5314453212134
苆,1221553
舀,3443321511
磅,132514143454153
礴,132511224411251124124
喵,25112225121
蠱,25121425121425121425221
曳,251153
坷,12112512
犑,3121251111344
芙,1221134
剡,4334433422
颤,4125251125111132534
甾,55525121
乎,34312
螽,35444251214251214
拖,12131525
苫,12221251
淙,44144511234
灻,1214334
袖,4523425121
菟,12235251354
睇,251114351523
禹,325125214
瞩,25111513325125214
匈,353452
胷,3534522511
挫,1213434121
粇,4312344135
魇,131344325113554
矼,13251121
瞬,25111344345354152
晾,251141251234
洹,441125111
旮,352511
赈,25341311534
氶,52534
墅,25112115452121
娣,5314351523
仂,3253
尥,135354
醢,12535111325125221
毫,41251453115
肼,35111132
俶,3221123454
械,12341132534
昕,25113312
昃,25111334
菖,12225112511
猫,35312225121
芢,1223211
畩,25121413534
菁,12211212511
焰,433435321511
牷,3121341121
凌,4112134354
浸,4415114554
冞,45431234
杵,12343112
粑,4312345215
孴,5215215212511
仵,323112
暂,152133122511
笠,31431441431
闱,4251152
溉,441511541535
芷,1222121
蔓,12225112522154
延,321554
檗,51325141431121234
亾,345
桁,1234332112
辑,1521251122111
盎,2513425221
菬,12244153251
刑,113222
铃,3111534454
铛,31115243511
梀,12341251234
螶,1515251214251
犊,312112544134
牲,312131121
芒,122415
茭,122413434
锐,311154325135
铜,31115251251
崖,25213121121
脌,3511311212
皎,32511413434
腫,3511312511211
蜥,25121412343312
殙,135435152511
苴,12225111
馬,1211254444
芆,122544
弩,53154515
芔,522523522
荰,1221234121
饺,355413434
無,311222214444
脇,3511535353
狳,3533411234
嶂,25241431251112
胐,354152252
诬,451234341
鱽,3525121153
馆,35544525151
秕,312341535
耸,3434122111
肙,2512511
荕,122351153
畄,44325121
窯,445344311214444
彬,12341234333
苬,12225341
屁,5131535
杞,1234515
抖,1214412
蹬,2512121543341251431
冏,2534251
鹰,413323241112135451
粘,43123421251
耒,111234
趝,121213434454544
炕,43344135
糔,431234544251214
肕,3511534
淞,44112343454
泮,44143112
胕,351132124
冣,4512211154
诃,4512512
嚻,251251132511134251251
邱,3212152
症,4134112121
咒,25125135
嫡,53141432512251
贤,22542534
扩,121413
眸,25111543112
酌,1253511354
崇,25244511234
泠,44134454
荘,122412121
慈,4315545544544
轭,15211355
馋,355352513544
捷,12115112134
婕,53115112134
泺,44135234
仫,32354
呗,2512534
脅,5353532511
沊,45352534
孑,521
骞,4451122134551
鸾,41223435451
搂,121431234531
镂,31115431234531
彦,414313333
鼹,32151154454452511445531
滂,4414143454153
荨,122511124
熔,43344453434251
艽,12235
朕,3511431134
涨,4415153154
跋,251212113544
酝,12535111154
伺,3251251
忏,442312
鸨,351235451
荏,122323121
岫,25225121
储,324512132511
楮,123412132511
恪,442354251
僮,32414312511211
淬,44141343412
戥,2511311211534
槊,43152335111234
鞭,122125112321251134
迪,25121454
埔,1211251124
项,121132534
蚴,25121455453
惶,442325111121
埃,1215431134
踯,251212143113452
喻,251341251122
钜,311151515
趿,2512121354
庇,4131535
毡,311521251
谤,454143454153
碛,1325111212511134
橱,1234131251431124
庖,41335515
厝,1312212511
呖,2511353
痛,413415425112
觐,122125111212535
瑶,11213443311252
珐,112112154
褫,452343321531535
岿,25223511
雏,3551132411121
绺,55135424251
葩,122325115215
朦,35111224511353334
胧,351113534
饲,35551251
漳,44141431251112
檐,12343513344111251
鹇,425123435451
唇,1311534251
呀,2511523
匆,35334
署,2522112132511
莳,1222511124
锢,3111525122511
概,1234511541535
濡,44114524444132522
迂,112454
篷,3143143541112454
郓,45152152
琥,112121531535
奁,1341345
妗,5313445
淝,44135115215
晷,251135424251
逍,2432511454
蛸,2512142432511
篁,314314325111121
垄,13534121
柠,123444512
彭,121251431333
膨,3511121251431333
婀,5315212512
邡,415352
筠,3143141213541
阐,42543251112
骊,5511254254
舛,354152
绞,551413434
幢,252414312511211
堑,15213312121
螟,2512144525114134
甍,12225221451554
芊,122312
耦,111234251125214
惺,442251131121
蒯,1223511351122
绷,55135113511
坊,1214153
舢,335414251
凫,354535
舴,33541431211
驳,5513434
瘸,4134153251253434
钨,311153551
坳,12155453
旎,41533151335
蒿,1224125125251
淆,44134132511
铗,31115143134
莒,122251251
闾,425251251
妲,53125111
嚎,25141251451353334
莆,1221251124
筵,314314321554
捧,12111134112
筮,3143141234341
琦,112113412512
喉,251325131134
矧,311345152
焱,433443344334
揽,121223142535
佝,3235251
偻,32431234531
嗦,2511245554234
辕,15211212513534
鳏,352512112522123344
饨,3551525
狞,35344512
洇,441251341
姹,531445315
颔,3445251132534
兖,41345435
毓,31554144154325
愆,3324411124544
褐,45234251135345
羯,431113251135345
哧,2511213234
瘤,413413545325121
狐,35333544
甸,3525121
蝗,251214325111121
哺,2511251124
檀,12344125251125111
姘,531431132
喙,251551353334
棂,12345114334
剁,35123422
酋,431253511
湫,441312344334
漉,44141352211535
巳,515
楠,1234122543112
杷,12345215
澍,441121251431124
溧,4411252211234
滨,4414453212134
玷,112121251
泾,44154121
恙,4311214544
惕,44225113533
箦,31431411212534
绚,551352511
逞,2511121454
乓,321214
镝,3111541432512251
济,441413432
耋,121335154121
泫,44141554
酥,125351131234
厩,13511541535
糠,43123441351124134
拷,121121315
愕,442251251115
颚,251251115132534
谔,45251251115
蟆,2512141222511134
鳍,352512111213352511
毳,311531153115
碜,1325154134333
攫,12125111251113241112154
儆,32122352513134
缶,311252
侦,32212534
躯,32511131345
跺,2512121351234
痢,413413123422
掇,12154545454
漯,44125121554234
啻,414345252251
蒡,1224143454153
暝,25114525114134
溽,4411311534124
滟,4411112355215
荥,122452534
骆,551354251
汜,441515
罂,25342534311252
芭,1225215
轾,1521154121
圯,121515
歆,4143125113534
雇,451332411121
泯,44151515
芍,122354
篾,31431425221134534
珉,112151515
掮,12145132511
盅,251225221
漩,44141533152134
酷,12535113121251
憋,432523431344544
虱,53251214
粱,4415344431234
佞,3211531
坂,1213354
锤,3111531212211
凿,224314311252
碳,13251252134334
钷,3111512515
娩,5313525135
嵊,2523122113534
羁,25221122125112551
骟,5514513541541
枋,12344153
俦,321113124
驸,55132124
骒,55125111234
蓦,1222511134551
函,52413452
黍,312343424134
税,312344325135
腺,3511325112534
汆,342534
菹,12244125111
璧,513251414311211214
珏,112111214
琶,112111215215
辫,41431135514143112
俟,325431134
赭,121323412132511
鳌,112153313435251211
傲,321121533134
佰,32132511
踞,251212151312251
伫,324451
矢,31134
琉,11214154325
箕,31431412211134
邾,31123452
檎,1234344134522554
槿,123412212511121
倮,3225111234
潲,441312342432511
泅,44125341
佶,32121251
侩,32341154
妊,5313121
阍,42535152511
彀,1214515153554
缰,5511251211251211
咪,251431234
麋,41352211535431234
糕,4312344311214444
潺,441513521521521
殓,13543414431
铭,31115354251
鄯,43111243125152
橇,1234311531153115
炳,433412534
耘,1112341154
偃,32125115315
萃,12241343412
蕉,122324111214444
烬,4334513444
逸,35251354454
奠,431253511134
罡,2522112121
纭,5511154
鲥,352512112511124
鲡,352512111254254
隅,52251125214
鳗,3525121125112522154
徽,33225215542343134
鲩,352512114451135
嗤,2512521251214
陀,5244535
寥,44554154134333
岌,252354
缥,55112522111234
膻,35114125251125111
苜,12225111
敷,125112441533134
砷,1325125112
审,44525112
弊,43252343134132
铢,31115311234
珀,112132511
瑗,1121344311354
膂,41533135342511
诤,45355112
虔,2153154134
榔,123445115452
杼,12345452
毯,311543344334
荃,122341121
莠,1223123453
殉,1354352511
枸,123435251
啜,25154545454
塍,2511431134121
懋,12345452312344544
幡,252343123425121
钼,3111525111
帕,25232511
率,41554413412
敫,3251141533134
峙,252121124
旌,41533131121
臆,35114143125114544
敖,1121533134
绣,5513123453
缁,55155525121
茜,122125351
俚,322511211
怛,44225111
虞,2153152511134
陨,522512534
詈,252214111251
薨,1222522145135435
彰,41431251112333
衮,4134543534
坩,12112211
昱,251141431
钡,311152534
溏,4414135112251
讷,452534
骋,5512512115
猾,353255452511
臾,32151134
侑,32132511
侔,32543112
洳,441531251
怫,44251532
雅,152332411121
慝,11221325154544
磐,335414355413251
契,111253134
煌,4334325111121
霈,145244444411251
馐,3554311135211
肺,35111252
黟,254312114444354354
瀚,4411225111234541541
胚,351113241
塌,1212511541541
泞,44144512
溆,441341123454
沼,44153251
纶,5513435
沔,4411255
梏,12343121251
鸢,15435451
笕,3143142535
聒,122111321251
垓,121415334
筚,314314153512
篓,314314431234531
啭,25115211154
鼯,32151154454451251251
畲,341123425121
恤,442325221
镍,311153251111234
阙,4254315233534
弼,515132511515
